timestamp,CO(GT),C6H6(GT),NOx(GT),NO2(GT),PT08.S1(CO),PT08.S2(NMHC),PT08.S3(NOx),PT08.S4(NO2),PT08.S5(O3),T,RH,AH,NMHC(GT)
2004-03-10 18:00,2.6,11.9,166,113,1360,1046,1056,1692,1268,13.6,48.9,0.7578,150
2004-03-10 19:00,2,9.4,103,92,1292,955,1174,1559,972,13.3,47.7,0.7255,112
2004-03-10 20:00,2.2,9.0,131,114,1402,939,1140,1555,1074,11.9,54.0,0.7502,88
2004-03-10 21:00,2.2,9.2,172,122,1376,948,1092,1584,1203,11.0,60.0,0.7867,80
2004-03-10 22:00,1.6,6.5,131,116,1272,836,1205,1490,1110,11.2,59.6,0.7888,51
2004-03-10 23:00,1.2,4.7,89,96,1197,750,1337,1393,949,11.2,59.2,0.7848,38
2004-03-11 00:00,1.2,3.6,62,77,1185,690,1462,1333,733,11.3,56.8,0.7603,31
2004-03-11 01:00,1,3.3,62,76,1136,672,1453,1333,730,10.7,60.0,0.7702,31
2004-03-11 02:00,0.9,2.3,45,60,1094,609,1579,1276,620,10.7,59.7,0.7648,24
2004-03-11 03:00,0.6,1.7,,,1010,561,1705,1235,501,10.3,60.2,0.7517,19
2004-03-11 04:00,,1.3,21,34,1011,527,1818,1197,445,10.1,60.5,0.7465,14
2004-03-11 05:00,0.7,1.1,16,28,1066,512,1918,1182,422,11.0,56.2,0.7366,8
2004-03-11 06:00,0.7,1.6,34,48,1052,553,1738,1221,472,10.5,58.1,0.7353,16
2004-03-11 07:00,1.1,3.2,98,82,1144,667,1490,1339,730,10.2,59.6,0.7417,29
2004-03-11 08:00,2,8.0,174,112,1333,900,1136,1517,1102,10.8,57.4,0.7408,64
2004-03-11 09:00,2.2,9.5,129,101,1351,960,1079,1583,1028,10.5,60.6,0.7691,87
2004-03-11 10:00,1.7,6.3,112,98,1233,827,1218,1446,860,10.8,58.4,0.7552,77
2004-03-11 11:00,1.5,5.0,95,92,1179,762,1328,1362,671,10.5,57.9,0.7352,43
2004-03-11 12:00,1.6,5.2,104,95,1236,774,1301,1401,664,9.5,66.8,0.7951,61
2004-03-11 13:00,1.9,7.3,146,112,1286,869,1162,1537,799,8.3,76.4,0.8393,63
2004-03-11 14:00,2.9,11.5,207,128,1371,1034,983,1730,1037,8.0,81.1,0.8736,164
2004-03-11 15:00,2.2,8.8,184,126,1310,933,1082,1647,946,8.3,79.8,0.8778,79
2004-03-11 16:00,2.2,8.3,193,131,1292,912,1103,1591,957,9.7,71.2,0.8569,95
2004-03-11 17:00,2.9,11.2,243,135,1383,1020,1008,1719,1104,9.8,67.6,0.8185,150
2004-03-11 18:00,4.8,20.8,281,151,1581,1319,799,2083,1409,10.3,64.2,0.8065,307
2004-03-11 19:00,6.9,27.4,383,172,1776,1488,702,2333,1704,9.7,69.3,0.8319,461
2004-03-11 20:00,6.1,24.0,351,165,1640,1404,743,2191,1654,9.6,67.8,0.8133,401
2004-03-11 21:00,3.9,12.8,240,136,1313,1076,957,1707,1285,9.1,64.0,0.7419,197
2004-03-11 22:00,1.5,4.7,94,85,965,749,1325,1333,821,8.2,63.4,0.6905,61
2004-03-11 23:00,1,2.6,47,53,913,629,1565,1252,552,8.2,60.8,0.6657,26
2004-03-12 00:00,1.7,5.9,122,97,1080,805,1254,1375,816,8.3,58.5,0.6438,55
2004-03-12 01:00,1.9,6.4,133,110,1044,829,1247,1378,832,7.7,59.7,0.6308,53
2004-03-12 02:00,1.4,4.1,82,91,988,718,1396,1304,692,7.1,61.8,0.6276,40
2004-03-12 03:00,0.8,1.9,,,889,574,1680,1187,512,7.0,62.3,0.6261,21
2004-03-12 04:00,,1.1,21,32,831,506,1893,1134,384,6.1,65.9,0.6248,10
2004-03-12 05:00,0.6,1.0,30,44,847,501,1895,1155,394,6.3,65.0,0.6233,7
2004-03-12 06:00,0.8,1.8,56,71,927,571,1685,1223,487,6.8,62.9,0.6234,17
2004-03-12 07:00,1.4,4.4,109,104,1091,730,1387,1361,748,6.4,65.1,0.6316,33
2004-03-12 08:00,4.4,17.9,307,141,1587,1236,897,1900,1400,7.3,63.1,0.6499,202
2004-03-12 09:00,,22.1,,,1545,1353,767,2058,1588,9.2,56.2,0.6561,
2004-03-12 10:00,3.1,14.0,187,122,1350,1118,912,1712,1237,13.2,41.7,0.6320,208
2004-03-12 11:00,2.7,11.6,216,143,1263,1037,969,1598,1167,14.3,38.4,0.6243,166
2004-03-12 12:00,2.1,10.2,143,113,1206,986,1035,1537,959,15.0,36.5,0.6195,114
2004-03-12 13:00,2.5,11.0,160,116,1252,1016,1008,1593,983,16.1,34.5,0.6262,140
2004-03-12 14:00,2.7,12.8,163,123,1287,1078,949,1660,1061,16.3,35.7,0.6560,169
2004-03-12 15:00,2.9,14.2,190,126,1353,1122,922,1740,1139,15.8,37.0,0.6610,185
2004-03-12 16:00,2.8,12.7,178,120,1309,1073,954,1657,1112,15.9,37.2,0.6657,165
2004-03-12 17:00,2.4,11.7,150,119,1274,1041,1006,1610,994,16.9,34.3,0.6549,133
2004-03-12 18:00,3.9,19.3,206,149,1510,1277,812,1910,1410,15.1,39.6,0.6766,233
2004-03-12 19:00,3.7,18.2,202,145,1525,1246,821,1847,1448,14.4,43.4,0.7084,242
2004-03-12 20:00,6.6,32.6,340,170,1843,1610,624,2390,1887,12.9,50.5,0.7478,488
2004-03-12 21:00,4.4,20.1,274,149,1598,1299,752,1941,1627,12.1,53.3,0.7536,333
2004-03-12 22:00,3.5,14.3,253,139,1484,1127,839,1723,1491,11.0,59.1,0.7740,215
2004-03-12 23:00,5.4,21.8,300,134,1677,1346,741,2062,1657,9.7,64.6,0.7771,367
2004-03-13 00:00,2.7,9.6,193,113,1280,964,963,1544,1285,9.5,64.1,0.7597,122
2004-03-13 01:00,1.9,7.4,139,97,1196,873,1071,1463,1144,9.1,63.9,0.7423,67
2004-03-13 02:00,1.6,5.4,83,82,1184,782,1176,1365,1043,8.8,63.9,0.7256,43
2004-03-13 03:00,1.7,5.4,,,1172,783,1179,1380,996,7.8,67.5,0.7173,46
2004-03-13 04:00,,6.2,109,83,1147,821,1132,1412,992,7.0,71.1,0.7158,56
2004-03-13 05:00,1,2.6,62,65,978,625,1420,1274,819,8.3,63.6,0.6982,30
2004-03-13 06:00,1.2,2.9,53,60,1100,646,1406,1268,835,7.2,67.5,0.6887,27
2004-03-13 07:00,1.5,5.1,139,77,1112,770,1228,1409,940,6.3,71.9,0.6932,47
2004-03-13 08:00,2.7,11.8,256,96,1336,1043,935,1678,1192,6.5,71.6,0.6945,132
2004-03-13 09:00,3.7,15.1,295,119,1408,1153,830,1777,1411,9.6,59.7,0.7124,239
2004-03-13 10:00,3.2,12.9,250,126,1447,1081,869,1667,1465,12.4,51.2,0.7335,160
2004-03-13 11:00,4.1,16.1,296,158,1542,1184,808,1780,1583,15.6,42.2,0.7451,283
2004-03-13 12:00,3.6,14.0,239,161,1451,1117,875,1679,1387,18.4,33.8,0.7090,210
2004-03-13 13:00,2.8,12.3,153,124,1328,1059,987,1600,1101,19.4,31.3,0.6950,154
2004-03-13 14:00,2,8.6,118,102,1207,924,1088,1488,850,18.0,34.8,0.7127,112
2004-03-13 15:00,2,9.2,119,116,1240,947,1049,1532,947,18.4,33.6,0.7042,108
2004-03-13 16:00,2.5,10.2,138,124,1306,987,1004,1554,1078,17.6,35.1,0.7012,111
2004-03-13 17:00,2.3,10.6,148,125,1326,1000,976,1602,1084,16.7,37.8,0.7117,97
2004-03-13 18:00,3.2,15.5,227,148,1473,1163,831,1779,1395,16.1,41.0,0.7451,191
2004-03-13 19:00,4.2,19.6,277,165,1609,1286,758,1922,1612,15.8,42.4,0.7569,258
2004-03-13 20:00,4.2,19.2,279,161,1611,1274,754,1915,1697,15.7,44.1,0.7786,284
2004-03-13 21:00,4.2,18.3,283,159,1621,1247,762,1860,1886,15.3,46.8,0.8091,269
2004-03-13 22:00,3.1,13.1,214,143,1444,1089,844,1748,1624,14.6,48.6,0.8060,180
2004-03-13 23:00,2.6,10.9,172,130,1418,1010,892,1603,1536,14.7,49.3,0.8193,116
2004-03-14 00:00,2.9,11.0,190,129,1534,1013,889,1611,1535,13.9,53.6,0.8498,93
2004-03-14 01:00,2.8,11.9,174,119,1484,1045,880,1624,1530,14.6,51.5,0.8536,131
2004-03-14 02:00,2.5,8.6,128,104,1367,925,953,1543,1337,12.5,58.9,0.8537,92
2004-03-14 03:00,2.4,9.7,,,1344,968,921,1620,1278,11.6,63.4,0.8674,132
2004-03-14 04:00,,5.2,70,82,1130,773,1130,1452,1051,12.1,61.1,0.8603,56
2004-03-14 05:00,1.2,3.7,53,70,1062,691,1272,1377,929,11.5,63.1,0.8533,32
2004-03-14 06:00,1,2.5,44,63,1076,618,1395,1333,872,11.6,62.2,0.8473,29
2004-03-14 07:00,0.9,2.4,74,67,1028,615,1384,1340,853,10.4,67.6,0.8530,27
2004-03-14 08:00,1.4,4.2,101,84,1155,722,1225,1414,959,11.6,62.7,0.8530,36
2004-03-14 09:00,1.6,6.4,118,83,1235,828,1055,1527,1093,12.4,60.0,0.8627,57
2004-03-14 10:00,2.2,8.6,144,98,1332,923,952,1614,1225,14.5,53.1,0.8728,129
2004-03-14 11:00,2.8,10.9,176,114,1445,1009,878,1696,1355,16.9,46.1,0.8789,148
2004-03-14 12:00,2.8,10.7,161,119,1416,1002,907,1677,1262,19.3,38.3,0.8474,145
2004-03-14 13:00,2,7.5,113,104,1281,880,1084,1525,980,21.2,31.4,0.7812,93
2004-03-14 14:00,1.8,7.5,103,102,1207,879,1104,1490,872,21.4,30.2,0.7616,84
2004-03-14 15:00,1.9,8.2,112,107,1258,906,1081,1511,900,21.9,29.0,0.7525,99
2004-03-14 16:00,3,11.9,170,129,1458,1045,974,1646,1099,22.2,28.4,0.7516,150
2004-03-14 17:00,2.9,12.0,180,128,1438,1051,943,1668,1206,21.3,30.8,0.7696,156
2004-03-14 18:00,2.5,12.2,160,121,1478,1055,929,1671,1262,19.7,36.7,0.8307,122
2004-03-14 19:00,4.6,20.6,261,157,1808,1312,753,1993,1698,18.4,41.7,0.8732,262
2004-03-14 20:00,5.9,23.1,325,173,1898,1381,681,2103,1905,17.6,46.1,0.9210,341
2004-03-14 21:00,3.4,14.7,217,146,1560,1140,784,1818,1648,16.7,49.6,0.9320,214
2004-03-14 22:00,2.1,9.0,146,121,1324,940,924,1587,1423,16.3,51.0,0.9341,100
2004-03-14 23:00,2.2,8.8,152,119,1349,933,933,1617,1349,14.7,55.9,0.9314,79
2004-03-15 00:00,1.8,7.4,104,99,1239,872,985,1547,1250,14.8,54.7,0.9164,66
2004-03-15 01:00,1.8,6.9,106,93,1239,853,1010,1543,1174,14.0,57.0,0.9094,73
2004-03-15 02:00,1.8,7.0,108,88,1224,855,998,1566,1149,13.4,61.3,0.9361,66
2004-03-15 03:00,1.1,4.4,,,1078,734,1128,1487,1021,12.6,63.5,0.9230,44
2004-03-15 04:00,,4.0,66,71,1078,711,1150,1468,1013,12.3,65.4,0.9351,44
2004-03-15 05:00,1,3.9,88,74,1075,703,1156,1464,1010,11.9,67.4,0.9375,39
2004-03-15 06:00,1.4,6.4,138,80,1157,830,1030,1584,1083,11.4,70.5,0.9475,51
2004-03-15 07:00,2.2,9.7,228,89,1314,966,897,1710,1235,11.3,70.2,0.9401,107
2004-03-15 08:00,5.5,25.9,360,114,1797,1451,652,2323,1680,12.4,63.9,0.9170,336
2004-03-15 09:00,8.1,36.7,478,149,1961,1701,537,2665,2184,14.8,54.3,0.9076,618
2004-03-15 10:00,5.8,26.6,394,157,1771,1470,622,2262,1973,17.4,45.6,0.8993,438
2004-03-15 11:00,4.2,20.1,319,155,1564,1300,710,2029,1798,19.8,38.5,0.8801,334
2004-03-15 12:00,3.1,14.1,201,134,1430,1120,831,1783,1522,22.0,34.1,0.8904,221
2004-03-15 13:00,2.9,14.9,171,119,1417,1146,830,1831,1404,23.3,32.2,0.9096,207
2004-03-15 14:00,2.9,15.4,159,111,1400,1162,838,1829,1263,23.9,30.0,0.8757,191
2004-03-15 15:00,2.5,12.1,153,104,1317,1053,926,1707,1137,24.4,28.9,0.8736,185
2004-03-15 16:00,2.3,11.5,143,99,1318,1033,950,1675,1068,24.4,29.4,0.8848,141
2004-03-15 17:00,2.8,14.8,156,110,1445,1141,857,1824,1252,23.8,31.3,0.9137,214
2004-03-15 18:00,6.1,32.1,314,162,1917,1601,631,2447,1843,22.5,35.4,0.9547,471
2004-03-15 19:00,8,39.2,404,187,2040,1754,542,2679,2122,20.4,42.5,1.0086,685
2004-03-15 20:00,6.5,31.0,320,165,1895,1573,565,2443,1992,18.3,52.6,1.0945,538
2004-03-15 21:00,4.2,19.9,256,145,1595,1294,678,2058,1707,16.7,57.4,1.0786,319
2004-03-15 22:00,3.2,15.3,193,125,1439,1159,764,1856,1494,15.7,60.2,1.0654,224
2004-03-15 23:00,1.4,6.9,89,101,1142,852,1008,1547,1164,15.3,61.4,1.0580,67
2004-03-16 00:00,2.1,11.1,127,103,1304,1019,852,1731,1272,14.1,65.7,1.0494,155
2004-03-16 01:00,1.2,5.4,79,88,1074,784,1098,1483,1040,14.8,60.6,1.0148,49
2004-03-16 02:00,0.8,2.8,43,61,968,640,1320,1386,867,14.8,59.2,0.9879,29
2004-03-16 03:00,0.7,2.3,,,929,608,1376,1364,826,13.6,62.1,0.9636,25
2004-03-16 04:00,,2.6,59,59,941,626,1316,1373,840,12.3,66.2,0.9450,25
2004-03-16 05:00,0.6,2.0,38,52,937,585,1412,1348,793,12.8,63.2,0.9283,17
2004-03-16 06:00,0.9,3.5,82,64,1017,681,1246,1418,870,11.2,68.5,0.9081,27
2004-03-16 07:00,1.3,5.1,99,70,1171,770,1162,1467,930,11.0,66.5,0.8705,50
2004-03-16 08:00,3.4,16.2,263,97,1541,1185,770,1889,1407,11.7,63.7,0.8719,218
2004-03-16 09:00,3.7,19.7,229,95,1539,1287,698,2055,1507,13.6,56.3,0.8743,285
2004-03-16 10:00,5.3,25.1,396,150,1735,1431,628,2211,1843,17.8,42.9,0.8672,437
2004-03-16 11:00,4.1,20.0,314,162,1571,1297,730,1973,1729,21.4,33.3,0.8417,327
2004-03-16 12:00,3.3,18.3,217,154,1452,1250,776,1868,1583,24.4,27.4,0.8231,283
2004-03-16 13:00,4,22.3,252,161,1579,1359,724,1998,1671,25.3,26.1,0.8264,366
2004-03-16 14:00,3.8,20.4,263,161,1466,1309,773,1897,1491,25.8,23.2,0.7589,318
2004-03-16 15:00,2.8,14.6,180,128,1280,1136,893,1675,1240,27.0,20.2,0.7094,228
2004-03-16 16:00,2.9,16.6,184,129,1407,1197,905,1759,1313,28.2,18.6,0.7014,201
2004-03-16 17:00,2.9,15.8,190,133,1389,1173,898,1739,1363,28.0,19.1,0.7098,199
2004-03-16 18:00,3.4,17.8,184,139,1447,1235,859,1778,1296,23.9,25.7,0.7519,237
2004-03-16 19:00,3.9,19.1,181,137,1551,1271,800,1875,1432,21.3,34.8,0.8730,261
2004-03-16 20:00,3.2,15.8,166,143,1474,1173,854,1776,1432,20.4,36.7,0.8704,230
2004-03-16 21:00,5.1,24.9,317,177,1800,1426,700,2106,2034,19.0,41.3,0.9007,349
2004-03-16 22:00,2.6,13.5,184,138,1379,1101,818,1710,1602,17.9,45.9,0.9342,183
2004-03-16 23:00,1.7,9.1,130,117,1201,943,935,1560,1362,16.7,48.9,0.9226,88
2004-03-17 00:00,1.7,8.6,132,107,1205,925,922,1547,1314,15.5,52.9,0.9271,85
2004-03-17 01:00,1.2,5.4,95,90,1072,784,1066,1442,1114,15.5,51.9,0.9059,47
2004-03-17 02:00,0.9,4.1,70,79,998,714,1169,1383,992,14.1,55.6,0.8910,34
2004-03-17 03:00,0.7,2.6,,,933,625,1292,1332,884,13.1,57.9,0.8666,26
2004-03-17 04:00,,1.9,54,60,883,577,1396,1303,808,12.7,57.9,0.8447,17
2004-03-17 05:00,0.5,1.6,28,40,869,554,1460,1268,667,11.8,58.0,0.8026,11
2004-03-17 06:00,0.5,1.9,46,53,891,576,1417,1289,733,11.9,57.4,0.7978,18
2004-03-17 07:00,1.6,7.5,160,84,1173,878,1038,1556,1052,9.9,65.2,0.7956,84
2004-03-17 08:00,4.1,21.4,320,108,1587,1334,702,1999,1534,11.1,60.2,0.7958,260
2004-03-17 09:00,6.6,36.4,377,127,1852,1696,553,2535,1931,14.1,50.0,0.8020,534
2004-03-17 10:00,4.3,21.3,280,134,1522,1331,703,2026,1734,17.7,40.1,0.8048,368
2004-03-17 11:00,2.9,15.4,221,135,1438,1161,819,1782,1595,21.1,33.4,0.8265,200
2004-03-17 12:00,2.5,12.5,210,142,1393,1067,905,1654,1490,24.3,28.3,0.8471,145
2004-03-17 13:00,2.8,15.1,204,153,1452,1152,861,1747,1508,25.6,25.6,0.8254,188
2004-03-17 14:00,2.6,13.7,161,123,1389,1108,887,1712,1334,25.9,25.9,0.8503,152
2004-03-17 15:00,2,10.4,135,104,1207,994,1013,1520,1045,26.8,18.7,0.6500,103
2004-03-17 16:00,2.9,15.2,186,129,1365,1154,940,1679,1221,29.3,15.8,0.6309,193
2004-03-17 17:00,2.5,12.3,147,114,1247,1060,1032,1525,1069,28.5,14.9,0.5708,134
2004-03-17 18:00,5,27.0,299,158,1557,1478,793,1981,1569,25.9,16.0,0.5237,386
2004-03-17 19:00,7.6,38.4,411,194,1973,1737,617,2414,2306,23.1,26.5,0.7403,577
2004-03-17 20:00,6.7,35.1,347,182,1975,1667,597,2416,2359,20.5,38.2,0.9133,523
2004-03-17 21:00,5.7,27.2,336,180,1795,1485,653,2174,2050,19.1,42.6,0.9294,472
2004-03-17 22:00,2.8,15.0,202,136,1444,1150,770,1727,1727,17.2,44.1,0.8558,206
2004-03-17 23:00,2.6,15.7,178,127,1488,1171,731,1778,1705,16.0,50.9,0.9206,216
2004-03-18 00:00,2.3,13.0,154,116,1371,1083,796,1669,1551,14.8,53.9,0.9024,159
2004-03-18 01:00,1.4,8.1,92,107,1161,904,947,1502,1240,14.3,55.4,0.8975,70
2004-03-18 02:00,1,5.5,61,88,1064,787,1057,1407,1115,14.8,52.1,0.8686,44
2004-03-18 03:00,0.7,3.6,,,970,687,1196,1351,969,13.9,53.9,0.8501,42
2004-03-18 04:00,,2.9,60,78,954,645,1260,1334,925,11.6,61.9,0.8442,28
2004-03-18 05:00,0.6,2.5,37,57,931,623,1293,1307,828,12.0,58.9,0.8233,20
2004-03-18 06:00,0.7,3.0,68,71,938,650,1251,1333,893,10.9,62.1,0.8113,26
2004-03-18 07:00,1.5,7.7,139,85,1166,885,1005,1551,1075,10.6,63.3,0.8067,78
2004-03-18 08:00,4.7,23.3,339,124,1643,1384,667,2094,1610,11.5,60.0,0.8117,319
2004-03-18 09:00,6.6,35.8,421,151,1934,1682,541,2468,2051,14.3,50.6,0.8186,506
2004-03-18 10:00,4.5,21.3,349,150,1617,1333,686,2010,1819,17.8,40.5,0.8210,
2004-03-18 11:00,2.8,14.3,224,152,1473,1127,831,1752,1568,20.8,34.4,0.8365,
2004-03-18 12:00,2.2,12.5,171,139,1379,1068,899,1663,1374,23.8,28.2,0.8219,
2004-03-18 13:00,2.2,12.2,149,133,1385,1056,891,1648,1268,24.2,28.7,0.8515,
2004-03-18 14:00,2.3,13.1,137,126,1379,1087,901,1660,1144,25.2,24.9,0.7829,
2004-03-18 15:00,2.2,14.4,149,128,1322,1129,934,1639,1109,27.0,17.8,0.6275,
2004-03-18 16:00,2.8,16.8,172,169,1496,1205,822,1767,1347,27.1,23.1,0.8180,
2004-03-18 17:00,2.7,14.5,166,149,1409,1131,873,1689,1206,25.8,23.9,0.7832,
2004-03-18 18:00,3.7,21.5,214,156,1513,1338,764,1957,1397,23.0,26.8,0.7446,
2004-03-18 19:00,5.1,26.4,280,168,1667,1464,683,2118,1588,20.7,31.1,0.7523,
2004-03-18 20:00,5.1,26.0,276,176,1667,1453,684,2051,1569,18.6,36.2,0.7676,
2004-03-18 21:00,3.2,14.1,178,135,1430,1121,814,1732,1322,16.0,48.4,0.8768,
2004-03-18 22:00,2.1,10.3,129,121,1333,989,885,1621,1194,14.5,57.8,0.9456,
2004-03-18 23:00,1.7,8.3,95,99,1262,911,948,1545,1062,13.1,64.2,0.9606,
2004-03-19 00:00,2,8.9,126,106,1287,936,918,1606,1040,12.0,69.7,0.9735,
2004-03-19 01:00,1.6,6.6,103,96,1134,840,1021,1501,917,11.9,71.1,0.9915,
2004-03-19 02:00,0.9,3.6,48,63,999,688,1229,1380,594,12.5,69.3,1.0029,
2004-03-19 03:00,0.7,2.5,,,961,622,1382,1301,430,12.5,67.5,0.9768,
2004-03-19 04:00,,1.8,20,32,934,569,1440,1280,397,12.3,67.7,0.9665,
2004-03-19 05:00,0.5,1.3,18,28,913,525,1620,1260,370,12.5,66.8,0.9620,
2004-03-19 06:00,0.7,2.3,56,61,969,607,1373,1324,438,12.3,66.3,0.9487,
2004-03-19 07:00,1.5,6.7,115,99,1182,845,1054,1539,704,12.4,64.9,0.9332,
2004-03-19 08:00,4.8,22.8,320,157,1740,1372,671,2144,1476,13.0,61.6,0.9209,
2004-03-19 09:00,6.2,31.3,357,166,1819,1582,575,2456,1716,13.6,58.8,0.9120,
2004-03-19 10:00,4,19.2,253,149,1427,1275,701,1980,1398,13.9,57.1,0.9032,
2004-03-19 11:00,3.3,16.4,218,135,1390,1191,759,1879,1268,14.5,54.4,0.8917,
2004-03-19 12:00,2.8,14.0,192,127,1283,1117,813,1751,1188,15.5,50.1,0.8744,
2004-03-19 13:00,3,15.3,176,122,1304,1157,793,1801,1171,16.1,47.6,0.8655,
2004-03-19 14:00,3.3,16.7,198,135,1364,1202,771,1875,1250,16.3,47.1,0.8640,
2004-03-19 15:00,3.5,19.0,212,139,1410,1268,724,1957,1344,16.4,47.5,0.8791,
2004-03-19 16:00,4,19.4,249,147,1476,1280,708,1955,1378,16.1,50.2,0.9094,
2004-03-19 17:00,4.6,20.9,270,158,1522,1320,690,2005,1435,16.0,50.7,0.9142,
2004-03-19 18:00,4.1,20.2,231,146,1442,1301,704,1952,1372,15.8,50.3,0.8989,
2004-03-19 19:00,4.5,21.7,251,144,1469,1344,677,1997,1471,15.5,50.6,0.8840,
2004-03-19 20:00,3.9,19.8,210,138,1467,1292,698,1942,1439,15.4,51.4,0.8956,
2004-03-19 21:00,4,16.7,249,143,1421,1202,748,1854,1429,15.2,53.1,0.9117,
2004-03-19 22:00,2.2,9.1,143,116,1175,945,904,1604,1081,14.7,57.6,0.9573,
2004-03-19 23:00,2.1,8.3,127,109,1215,912,948,1547,993,14.2,58.3,0.9380,
2004-03-20 00:00,1.7,5.8,104,92,1127,802,1064,1447,837,13.8,57.9,0.9085,
2004-03-20 01:00,1.6,5.2,86,83,1090,773,1105,1429,761,13.9,55.9,0.8842,
2004-03-20 02:00,1.3,4.1,74,81,1017,718,1182,1382,650,13.9,55.6,0.8765,
2004-03-20 03:00,1.3,3.4,,,997,677,1252,1359,591,13.8,55.1,0.8666,
2004-03-20 04:00,,2.9,44,55,945,646,1308,1332,505,13.8,54.6,0.8574,
2004-03-20 05:00,0.8,3.1,42,53,956,661,1260,1351,518,13.6,55.1,0.8560,
2004-03-20 06:00,0.8,2.5,63,67,966,622,1317,1342,571,13.6,59.0,0.9129,
2004-03-20 07:00,1.1,4.3,115,91,1064,728,1161,1461,842,13.5,58.4,0.8960,
2004-03-20 08:00,2.1,8.9,170,113,1300,935,902,1623,1145,13.8,58.0,0.9083,
2004-03-20 09:00,2.4,10.5,147,102,1348,998,834,1689,1218,14.6,53.1,0.8765,
2004-03-20 10:00,2.6,12.5,166,107,1425,1068,776,1764,1341,15.0,52.3,0.8881,
2004-03-20 11:00,2.8,12.3,195,113,1474,1061,768,1768,1406,15.4,52.1,0.9046,
2004-03-20 12:00,2.6,11.7,182,108,1490,1039,782,1757,1422,16.3,50.0,0.9158,
2004-03-20 13:00,2.6,11.7,168,105,1495,1040,809,1735,1373,17.1,47.9,0.9281,
2004-03-20 14:00,2.1,9.3,125,93,1376,953,900,1636,1153,19.0,42.9,0.9370,
2004-03-20 15:00,1.7,7.6,95,87,1305,884,980,1573,927,19.5,42.3,0.9476,
2004-03-20 16:00,1.6,6.7,79,76,1283,844,1036,1539,766,19.5,42.3,0.9493,
2004-03-20 17:00,2.1,9.7,119,94,1392,967,930,1649,941,19.1,43.8,0.9556,
2004-03-20 18:00,2.3,12.4,142,110,1452,1063,856,1774,1146,18.5,46.3,0.9744,
2004-03-20 19:00,3.5,16.6,215,136,1633,1199,734,1919,1417,17.4,51.6,1.0159,
2004-03-20 20:00,3.9,16.4,229,139,1625,1191,733,1885,1442,17.1,51.3,0.9914,
2004-03-20 21:00,3.3,13.7,206,125,1535,1108,785,1820,1323,16.4,53.8,0.9964,
2004-03-20 22:00,2.3,9.9,147,111,1323,973,864,1712,1125,16.2,55.4,1.0132,
2004-03-20 23:00,2.1,8.9,122,97,1309,937,905,1672,1036,15.9,57.7,1.0356,
2004-03-21 00:00,2.8,10.6,175,107,1456,999,835,1714,1202,15.7,58.6,1.0396,
2004-03-21 01:00,2.1,7.4,133,90,1300,872,941,1577,1054,15.1,60.9,1.0398,
2004-03-21 02:00,1.6,6.2,89,84,1203,823,1004,1526,903,15.6,56.6,0.9951,
2004-03-21 03:00,1.6,6.5,,,1195,836,987,1554,885,15.2,57.9,0.9941,
2004-03-21 04:00,,5.8,85,87,1117,802,1029,1539,818,15.4,57.8,1.0021,
2004-03-21 05:00,1.1,4.0,55,66,1062,711,1136,1461,700,14.9,60.6,1.0196,
2004-03-21 06:00,0.7,2.1,24,36,947,594,1300,1390,580,14.5,63.0,1.0316,
2004-03-21 07:00,0.8,3.6,72,62,1065,687,1143,1492,815,14.2,66.2,1.0630,
2004-03-21 08:00,1.2,4.4,122,91,1155,734,1062,1528,1035,14.5,65.3,1.0704,
2004-03-21 09:00,1.4,5.4,111,89,1220,782,996,1560,1067,15.3,62.1,1.0730,
2004-03-21 10:00,1.7,7.1,123,93,1301,862,914,1633,1114,16.3,59.0,1.0868,
2004-03-21 11:00,1.8,7.3,106,81,1279,870,911,1646,1000,18.9,49.6,1.0700,
2004-03-21 12:00,1.8,7.6,103,82,1267,883,953,1617,906,19.4,46.1,1.0249,
2004-03-21 13:00,1.9,6.8,102,80,1239,848,981,1568,822,20.8,41.6,1.0091,
2004-03-21 14:00,1.3,4.6,48,48,1128,742,1144,1507,610,21.4,40.3,1.0126,
2004-03-21 15:00,1.6,8.4,63,61,1243,916,962,1669,657,21.2,39.3,0.9791,
2004-03-21 16:00,1.9,6.9,98,89,1208,853,1060,1506,647,20.3,38.0,0.8942,
2004-03-21 17:00,2.3,9.0,132,105,1306,938,961,1607,762,19.4,41.3,0.9206,
2004-03-21 18:00,3.8,15.1,173,116,1546,1151,769,1874,1122,18.5,43.8,0.9252,
2004-03-21 19:00,3.5,12.6,185,119,1501,1071,823,1744,1130,17.8,48.1,0.9689,
2004-03-21 20:00,4.3,15.1,266,144,1605,1153,769,1840,1637,17.9,46.9,0.9520,
2004-03-21 21:00,2.8,9.9,188,123,1316,974,883,1673,1272,17.4,49.1,0.9688,
2004-03-21 22:00,1.9,8.0,122,105,1195,898,933,1594,1098,17.0,51.7,0.9914,
2004-03-21 23:00,1.9,7.9,112,93,1211,896,920,1624,1066,16.4,55.1,1.0198,
2004-03-22 00:00,1.7,6.1,93,86,1161,815,995,1582,909,16.1,60.0,1.0919,
2004-03-22 01:00,1.5,5.1,74,76,1095,767,1050,1547,818,15.8,60.5,1.0805,
2004-03-22 02:00,0.6,1.7,23,33,897,563,1417,1355,472,16.3,57.0,1.0491,
2004-03-22 03:00,0.4,0.7,,,842,468,1813,1274,394,16.9,53.9,1.0309,
2004-03-22 04:00,,0.8,17,27,854,481,1756,1304,396,16.1,55.9,1.0153,
2004-03-22 05:00,0.3,0.7,15,23,845,472,1786,1278,378,16.5,53.9,1.0049,
2004-03-22 06:00,0.6,2.0,41,46,942,586,1480,1373,432,16.4,54.0,0.9979,
2004-03-22 07:00,1.2,5.1,86,76,1090,768,1072,1538,699,15.7,57.6,1.0195,
2004-03-22 08:00,3.6,17.7,226,116,1514,1230,732,1996,1252,15.8,53.7,0.9571,
2004-03-22 09:00,3.7,18.4,214,115,1379,1252,711,1962,1237,17.4,42.1,0.8281,
2004-03-22 10:00,1.8,6.9,115,83,1074,854,1032,1484,772,17.9,38.4,0.7793,
2004-03-22 11:00,1.6,7.3,124,87,1090,868,1026,1509,766,18.5,36.7,0.7764,
2004-03-22 12:00,1.9,9.6,122,90,1110,964,947,1577,829,21.0,29.6,0.7263,
2004-03-22 13:00,2,10.4,107,87,1102,994,955,1599,783,21.3,28.1,0.7067,
2004-03-22 14:00,2.2,11.2,133,99,1100,1021,952,1607,822,21.3,26.1,0.6539,
2004-03-22 15:00,2.1,10.7,130,99,1094,1003,965,1574,813,21.3,26.8,0.6681,
2004-03-22 16:00,2.3,11.6,150,101,1076,1034,964,1544,813,21.3,24.2,0.6060,451
2004-03-22 17:00,2.6,12.4,138,103,1152,1062,928,1606,850,20.2,28.5,0.6682,185
2004-03-22 18:00,3.8,18.3,213,129,1407,1249,720,1932,1276,17.0,43.1,0.8264,426
2004-03-22 19:00,4.4,21.0,232,143,1438,1325,678,1993,1401,15.6,47.4,0.8347,672
2004-03-22 20:00,4.5,21.0,238,146,1425,1325,678,1965,1356,15.3,47.4,0.8178,624
2004-03-22 21:00,3.3,14.5,180,124,1279,1131,775,1758,1243,14.5,49.7,0.8177,325
2004-03-22 22:00,2,8.4,128,113,1132,916,920,1561,1083,13.9,52.0,0.8231,143
2004-03-22 23:00,1.1,4.3,65,80,1006,729,1142,1370,795,14.5,49.4,0.8106,89
2004-03-23 00:00,0.9,3.8,53,72,982,700,1204,1359,735,13.8,51.4,0.8071,73
2004-03-23 01:00,0.8,2.7,47,64,969,636,1271,1309,684,14.0,51.3,0.8163,48
2004-03-23 02:00,0.7,2.5,51,70,941,621,1298,1330,714,13.0,56.8,0.8444,47
2004-03-23 03:00,0.5,1.2,,,892,522,1522,1285,456,11.0,70.0,0.9215,36
2004-03-23 04:00,,0.8,20,31,855,478,1701,1261,401,10.1,76.8,0.9483,25
2004-03-23 05:00,0.3,0.6,13,22,834,459,1908,1212,361,8.8,80.5,0.9147,19
2004-03-23 06:00,0.5,1.8,33,47,909,567,1542,1287,418,9.6,75.4,0.9004,26
2004-03-23 07:00,1.1,4.6,103,88,1061,745,1178,1429,616,9.8,75.0,0.9093,60
2004-03-23 08:00,3,14.2,224,130,1441,1124,851,1829,1089,10.0,74.2,0.9117,248
2004-03-23 09:00,3.8,21.0,244,132,1498,1325,684,2095,1329,11.2,69.7,0.9232,535
2004-03-23 10:00,3.4,16.2,237,132,1343,1185,760,1857,1311,12.0,62.9,0.8803,340
2004-03-23 11:00,3,15.5,220,131,1308,1166,792,1794,1236,12.8,55.8,0.8210,325
2004-03-23 12:00,2.7,13.4,207,129,1209,1097,837,1746,1147,13.1,54.8,0.8234,267
2004-03-23 13:00,3.5,16.9,208,132,1310,1207,770,1847,1301,13.8,53.4,0.8351,325
2004-03-23 14:00,2.8,12.4,160,110,1171,1064,881,1639,1097,16.0,42.4,0.7674,268
2004-03-23 15:00,1.9,10.1,131,99,1112,980,924,1589,900,14.1,49.8,0.7971,136
2004-03-23 16:00,2,8.7,128,100,1132,927,944,1570,781,12.0,61.1,0.8537,118
2004-03-23 17:00,3,13.8,176,122,1225,1111,818,1719,1013,13.6,54.6,0.8465,276
2004-03-23 18:00,1.9,9.3,107,97,1065,953,962,1514,790,13.7,49.5,0.7695,151
2004-03-23 19:00,2.7,13.0,131,112,1236,1084,854,1688,1059,11.7,57.1,0.7822,236
2004-03-23 20:00,3.3,14.3,166,128,1309,1126,812,1722,1205,11.5,58.2,0.7867,220
2004-03-23 21:00,1.7,7.6,89,101,1089,884,1006,1487,975,12.6,54.2,0.7881,87
2004-03-23 22:00,1.3,5.3,81,96,1000,776,1141,1375,896,12.0,54.9,0.7664,81
2004-03-23 23:00,1.3,5.4,78,86,1041,782,1105,1425,911,11.0,61.4,0.8057,74
2004-03-24 00:00,1.2,4.9,70,85,1045,756,1137,1411,902,11.1,62.2,0.8199,55
2004-03-24 01:00,1.1,4.6,76,79,997,744,1151,1405,832,10.8,62.5,0.8082,74
2004-03-24 02:00,0.9,2.7,43,61,948,634,1320,1326,715,11.3,60.0,0.8025,35
2004-03-24 03:00,0.6,1.6,,,878,551,1493,1272,683,10.6,61.6,0.7856,29
2004-03-24 04:00,,1.7,44,66,908,559,1477,1287,721,10.2,62.7,0.7813,29
2004-03-24 05:00,0.6,1.2,34,54,892,522,1572,1255,648,10.9,58.6,0.7628,20
2004-03-24 06:00,0.8,1.7,43,57,954,561,1496,1255,612,10.8,57.2,0.7382,32
2004-03-24 07:00,1.2,4.8,79,75,1045,751,1186,1403,800,10.4,59.2,0.7455,84
2004-03-24 08:00,3.1,13.8,174,97,1383,1109,832,1706,1173,11.0,57.3,0.7501,245
2004-03-24 09:00,4.4,23.7,235,110,1597,1395,652,2080,1519,11.2,56.9,0.7565,553
2004-03-24 10:00,3.4,14.2,218,113,1318,1124,762,1770,1287,12.1,54.9,0.7734,450
2004-03-24 11:00,1.7,8.0,136,88,1138,898,950,1505,966,15.1,44.3,0.7535,118
2004-03-24 12:00,1.5,6.7,117,85,1098,842,1012,1440,828,15.6,40.6,0.7146,118
2004-03-24 13:00,1.7,8.7,119,96,1118,927,959,1477,825,16.9,34.6,0.6597,144
2004-03-24 14:00,2.2,10.8,126,106,1170,1009,879,1566,872,16.6,35.6,0.6697,159
2004-03-24 15:00,,6.7,100,91,1112,842,1015,1494,680,11.3,63.9,0.8554,122
2004-03-24 16:00,2.7,11.4,197,126,1390,1028,829,1730,1002,9.6,81.1,0.9720,230
2004-03-24 17:00,2.8,13.4,195,130,1353,1096,774,1783,1159,11.7,69.1,0.9497,320
2004-03-24 18:00,2.7,12.0,156,111,1260,1050,828,1722,979,10.7,68.5,0.8794,263
2004-03-24 19:00,4.5,20.2,247,134,1501,1302,681,2008,1311,10.7,67.3,0.8643,556
2004-03-24 20:00,3.5,14.4,190,136,1273,1130,795,1744,1071,10.8,65.7,0.8486,458
2004-03-24 21:00,2.6,9.4,169,125,1179,955,928,1571,899,10.3,66.3,0.8336,214
2004-03-24 22:00,1.7,5.9,118,108,1047,809,1064,1435,766,10.1,66.9,0.8248,97
2004-03-24 23:00,1.3,4.5,81,87,973,739,1186,1354,589,10.4,61.1,0.7717,79
2004-03-25 00:00,1.3,4.5,80,89,997,737,1168,1341,631,10.3,59.9,0.7516,81
2004-03-25 01:00,1,2.5,42,58,970,621,1400,1249,479,11.0,58.4,0.7686,52
2004-03-25 02:00,0.7,1.8,38,54,902,568,1450,1253,479,9.1,68.1,0.7890,38
2004-03-25 03:00,0.7,1.4,,,921,538,1564,1224,417,9.5,68.2,0.8091,35
2004-03-25 04:00,0.5,0.9,18,28,858,490,1707,1212,378,9.3,72.3,0.8496,29
2004-03-25 05:00,0.5,0.6,12,20,878,457,1935,1158,344,9.9,66.8,0.8152,21
2004-03-25 06:00,0.6,1.4,43,51,893,540,1604,1268,413,7.6,83.2,0.8695,46
2004-03-25 07:00,1.1,3.8,84,82,1038,697,1260,1383,605,8.1,79.0,0.8544,55
2004-03-25 08:00,2.7,11.6,184,112,1320,1035,902,1721,991,8.7,74.6,0.8429,271
2004-03-25 09:00,3.5,17.8,202,119,1353,1235,740,1937,1175,8.6,75.1,0.8415,434
2004-03-25 10:00,2.3,8.8,133,99,1133,933,969,1552,923,9.7,69.7,0.8389,300
2004-03-25 11:00,1.6,6.8,130,98,1066,849,1039,1468,829,11.0,64.4,0.8447,116
2004-03-25 12:00,1.3,5.9,106,88,1027,809,1081,1442,733,13.6,53.0,0.8209,95
2004-03-25 13:00,2,8.9,132,96,1106,935,958,1570,819,14.2,48.4,0.7780,211
2004-03-25 14:00,1.9,8.2,106,81,1038,907,976,1492,723,14.2,46.3,0.7438,168
2004-03-25 15:00,1.9,8.6,125,92,1084,924,986,1501,786,16.0,41.3,0.7462,154
2004-03-25 16:00,2.2,10.1,138,105,1105,982,939,1545,850,17.7,35.4,0.7094,267
2004-03-25 17:00,2,9.4,120,88,1102,957,968,1527,820,17.1,37.4,0.7225,143
2004-03-25 18:00,2.9,14.6,158,103,1240,1137,836,1748,991,14.9,40.5,0.6835,374
2004-03-25 19:00,5.2,24.6,253,141,1443,1418,666,2060,1454,13.4,47.8,0.7293,797
2004-03-25 20:00,4.6,21.6,231,133,1389,1341,692,1982,1488,12.6,52.5,0.7642,698
2004-03-25 21:00,2.5,10.3,150,119,1183,989,904,1539,1205,12.2,53.2,0.7555,234
2004-03-25 22:00,1.5,5.7,99,106,1014,798,1083,1376,909,10.6,56.1,0.7140,104
2004-03-25 23:00,1.2,4.5,75,92,979,736,1154,1324,769,9.9,59.5,0.7276,67
2004-03-26 00:00,1.7,5.5,93,97,1048,787,1098,1373,835,9.6,61.1,0.7323,88
2004-03-26 01:00,1.4,4.8,79,91,1024,753,1131,1357,793,9.7,61.6,0.7425,79
2004-03-26 02:00,1.2,3.6,67,83,974,690,1208,1313,733,9.4,62.6,0.7398,61
2004-03-26 03:00,0.6,1.7,,,862,561,1449,1219,502,8.2,68.5,0.7455,43
2004-03-26 04:00,0.7,2.2,45,59,925,602,1398,1263,562,8.0,69.4,0.7459,40
2004-03-26 05:00,0.8,3.0,72,73,952,654,1210,1312,832,7.7,72.4,0.7655,52
2004-03-26 06:00,0.9,4.0,103,78,1005,713,1130,1363,924,8.0,71.8,0.7711,64
2004-03-26 07:00,1.6,6.7,132,90,1122,842,1015,1438,974,8.5,66.3,0.7375,88
2004-03-26 08:00,3.4,16.7,239,110,1351,1201,783,1828,1307,9.8,59.6,0.7214,375
2004-03-26 09:00,3.8,19.3,275,114,1408,1278,682,1928,1481,11.2,57.0,0.7544,592
2004-03-26 10:00,3.1,14.8,232,119,1304,1142,772,1747,1405,14.8,44.1,0.7407,357
2004-03-26 11:00,2.7,13.4,180,121,1207,1098,826,1664,1195,16.8,35.3,0.6729,296
2004-03-26 12:00,2,11.0,112,97,1099,1014,948,1503,868,19.2,27.1,0.5976,181
2004-03-26 13:00,2.3,12.5,116,99,1106,1068,915,1535,874,19.1,26.2,0.5741,211
2004-03-26 14:00,1.9,8.4,103,85,1009,916,1015,1391,738,16.3,30.8,0.5683,199
2004-03-26 15:00,1.3,5.3,89,75,962,776,1152,1279,550,14.2,36.8,0.5922,81
2004-03-26 16:00,1.9,8.8,112,87,1093,933,976,1454,777,13.4,41.0,0.6292,143
2004-03-26 17:00,2.3,11.2,127,102,1180,1023,886,1588,966,14.2,43.3,0.6982,247
2004-03-26 18:00,2.4,11.6,125,105,1168,1037,868,1580,990,12.1,45.6,0.6403,239
2004-03-26 19:00,2.7,12.4,120,98,1168,1063,876,1540,944,10.4,48.0,0.6046,267
2004-03-26 20:00,2.6,10.6,120,93,1140,1000,916,1490,962,10.0,51.1,0.6280,261
2004-03-26 21:00,1.5,6.0,99,91,1001,811,1097,1308,778,9.8,50.8,0.6172,97
2004-03-26 22:00,1.2,4.6,79,85,953,743,1185,1252,690,9.7,50.4,0.6063,66
2004-03-26 23:00,1.1,4.1,66,74,972,715,1237,1258,644,9.9,50.2,0.6103,60
2004-03-27 00:00,1.5,5.2,94,87,1021,776,1144,1307,753,9.4,53.4,0.6300,77
2004-03-27 01:00,1,3.2,70,79,940,664,1290,1232,646,8.6,57.8,0.6488,57
2004-03-27 02:00,1.2,4.5,75,78,1046,736,1142,1312,838,8.1,62.1,0.6746,65
2004-03-27 03:00,1.1,3.8,,,1026,699,1191,1292,851,7.9,63.5,0.6777,59
2004-03-27 04:00,,3.8,57,63,983,698,1209,1296,801,7.4,64.8,0.6683,48
2004-03-27 05:00,0.8,1.9,32,48,915,578,1417,1212,665,8.2,58.9,0.6444,27
2004-03-27 06:00,0.9,2.4,54,59,935,615,1373,1250,717,6.3,66.6,0.6410,25
2004-03-27 07:00,1.1,3.3,68,65,976,669,1270,1266,795,7.2,62.9,0.6396,42
2004-03-27 08:00,1.5,6.7,98,71,1124,842,1050,1418,936,7.2,63.9,0.6500,78
2004-03-27 09:00,1.8,8.5,128,84,1163,919,922,1530,1076,11.1,50.5,0.6654,128
2004-03-27 10:00,2.1,9.7,129,93,1167,966,942,1520,1016,15.5,36.1,0.6313,184
2004-03-27 11:00,2.1,9.4,130,99,1121,955,992,1451,834,17.8,29.2,0.5920,156
2004-03-27 12:00,1.9,9.0,111,93,1071,940,994,1449,756,17.6,30.1,0.6013,176
2004-03-27 13:00,2.1,10.0,106,96,1065,979,950,1467,766,19.1,26.8,0.5861,232
2004-03-27 14:00,2.5,12.6,137,114,1157,1072,888,1596,905,17.7,28.6,0.5735,305
2004-03-27 15:00,1.9,7.6,113,101,1046,883,1051,1357,765,17.8,28.4,0.5737,150
2004-03-27 16:00,2.2,11.8,122,108,1147,1042,934,1538,830,18.7,26.0,0.5555,188
2004-03-27 17:00,2.3,11.2,137,117,1119,1022,916,1508,853,17.1,31.3,0.6038,221
2004-03-27 18:00,2.7,12.4,165,125,1210,1062,886,1586,981,15.8,36.1,0.6440,219
2004-03-27 19:00,3,12.9,196,133,1306,1079,827,1621,1286,14.7,40.1,0.6657,306
2004-03-27 20:00,2.8,12.2,174,119,1258,1057,841,1633,1244,13.6,44.9,0.6991,270
2004-03-27 21:00,2.2,8.8,140,107,1148,930,948,1475,1056,12.5,48.1,0.6946,231
2004-03-27 22:00,1.6,6.8,102,96,1108,848,1023,1421,1003,11.8,50.8,0.7042,125
2004-03-27 23:00,2.1,8.6,130,105,1231,924,906,1483,1245,10.9,56.1,0.7326,122
2004-03-28 00:00,2.3,8.9,121,102,1293,937,930,1464,1200,10.9,55.9,0.7277,161
2004-03-28 01:00,2.3,8.3,111,97,1274,912,939,1451,1188,10.3,58.1,0.7278,101
2004-03-28 02:00,1.7,6.3,87,79,1135,827,1013,1395,1070,9.3,62.2,0.7294,95
2004-03-28 03:00,2.2,8.3,,,1151,911,935,1501,1075,8.2,66.7,0.7276,129
2004-03-28 04:00,1.3,5.1,77,69,1010,769,1110,1396,895,8.3,64.9,0.7124,96
2004-03-28 05:00,0.8,2.6,39,52,870,626,1325,1284,755,9.6,58.5,0.7000,54
2004-03-28 06:00,1.1,3.6,77,62,983,688,1251,1342,806,7.7,66.4,0.6990,63
2004-03-28 07:00,1.4,3.6,91,69,995,691,1219,1321,836,7.4,68.0,0.7043,72
2004-03-28 08:00,1.3,4.7,105,75,1024,747,1136,1382,897,9.7,58.6,0.7035,91
2004-03-28 09:00,1.9,7.5,133,83,1163,880,959,1486,1073,12.5,50.1,0.7242,127
2004-03-28 10:00,2.3,9.0,128,94,1218,938,918,1501,1088,16.8,36.9,0.7018,193
2004-03-28 11:00,2.3,9.5,126,96,1210,958,933,1514,1036,19.2,31.3,0.6887,188
2004-03-28 12:00,1.8,7.7,92,86,1114,887,1020,1438,768,21.3,26.4,0.6607,151
2004-03-28 13:00,1.4,5.7,66,72,995,796,1159,1287,587,21.2,23.1,0.5768,103
2004-03-28 14:00,1,3.8,50,53,927,700,1285,1189,452,18.6,25.0,0.5319,55
2004-03-28 15:00,1.4,4.8,70,65,1002,754,1189,1260,470,18.0,27.3,0.5594,104
2004-03-28 16:00,1.3,4.3,73,70,987,727,1213,1244,502,18.2,28.3,0.5848,116
2004-03-28 17:00,1.3,4.1,77,75,993,714,1217,1238,516,17.0,31.4,0.6048,93
2004-03-28 18:00,1.4,4.7,86,86,1012,746,1174,1301,555,15.6,35.0,0.6170,93
2004-03-28 19:00,1.9,6.2,93,94,1114,823,1068,1357,671,14.1,40.2,0.6438,155
2004-03-28 20:00,1.8,5.5,105,103,1093,789,1102,1329,788,13.4,43.2,0.6623,115
2004-03-28 21:00,1.1,3.3,67,81,968,669,1261,1246,538,12.3,46.8,0.6686,75
2004-03-28 22:00,1.1,3.2,63,80,960,666,1266,1224,544,11.9,46.5,0.6449,65
2004-03-28 23:00,1.1,2.9,63,77,942,648,1300,1204,500,11.5,46.6,0.6319,57
2004-03-29 00:00,0.9,2.2,46,58,888,598,1396,1156,417,10.6,48.0,0.6135,40
2004-03-29 01:00,0.6,1.3,21,31,818,524,1588,1071,341,10.7,45.8,0.5895,27
2004-03-29 02:00,0.5,1.1,22,38,840,509,1643,1076,352,10.4,46.6,0.5901,23
2004-03-29 03:00,0.7,1.3,,,894,524,1557,1095,397,10.1,47.8,0.5913,28
2004-03-29 04:00,0.6,1.2,39,59,864,516,1496,1153,502,11.3,46.9,0.6280,21
2004-03-29 05:00,0.7,1.7,55,70,898,559,1441,1180,648,10.1,51.2,0.6341,33
2004-03-29 06:00,0.9,2.9,76,75,946,643,1309,1232,760,9.9,50.7,0.6167,40
2004-03-29 07:00,2.9,14.3,181,103,1309,1125,844,1687,1183,8.1,56.8,0.6150,279
2004-03-29 08:00,4.1,19.7,259,134,1326,1289,714,1806,1431,10.9,44.1,0.5748,743
2004-03-29 09:00,1.5,5.5,118,98,966,786,1111,1258,705,11.8,37.6,0.5184,147
2004-03-29 10:00,1.5,5.6,119,97,975,793,1133,1254,637,13.9,33.2,0.5222,97
2004-03-29 11:00,1.5,5.8,123,98,988,803,1105,1293,658,15.6,30.1,0.5285,118
2004-03-29 12:00,1.4,5.5,92,78,971,786,1129,1272,546,16.5,29.0,0.5406,91
2004-03-29 13:00,1.6,6.5,91,83,1010,833,1070,1332,561,17.5,27.9,0.5517,146
2004-03-29 14:00,1.5,5.5,103,92,984,790,1131,1268,532,17.9,26.8,0.5446,139
2004-03-29 15:00,1.4,5.2,102,81,962,776,1131,1247,535,18.2,26.1,0.5387,155
2004-03-29 16:00,1.5,5.8,94,90,1012,801,1098,1289,525,18.0,27.1,0.5522,128
2004-03-29 17:00,1.9,7.9,98,95,1058,896,996,1358,603,17.0,28.9,0.5558,166
2004-03-29 18:00,2.5,10.2,126,114,1173,985,905,1477,802,16.1,31.3,0.5680,299
2004-03-29 19:00,2.1,8.2,108,106,1127,907,957,1404,796,14.5,35.4,0.5839,163
2004-03-29 20:00,1.6,5.7,95,99,1020,797,1066,1302,689,13.2,37.9,0.5733,154
2004-03-29 21:00,1.2,3.8,78,90,949,700,1221,1178,553,13.1,34.4,0.5170,80
2004-03-29 22:00,1.1,4.0,61,82,930,710,1278,1137,509,13.5,28.5,0.4405,58
2004-03-29 23:00,1,2.8,55,74,900,643,1339,1089,455,12.4,31.9,0.4583,55
2004-03-30 00:00,1,2.6,57,76,899,630,1418,1050,425,13.1,26.8,0.4023,33
2004-03-30 01:00,0.7,1.8,41,66,866,569,1468,1055,436,11.6,33.6,0.4595,33
2004-03-30 02:00,0.7,1.7,46,73,900,563,1402,1130,618,10.5,42.9,0.5442,32
2004-03-30 03:00,0.8,1.4,,,949,540,1457,1104,747,11.7,38.7,0.5298,25
2004-03-30 04:00,,1.3,41,69,897,529,1462,1101,693,12.2,37.2,0.5277,29
2004-03-30 05:00,0.7,2.3,52,71,956,605,1341,1117,691,12.9,33.9,0.5037,26
2004-03-30 06:00,1.1,5.3,111,98,1054,779,1080,1266,1013,11.3,40.3,0.5376,86
2004-03-30 07:00,2.6,13.4,191,115,1343,1096,839,1587,1311,11.9,38.4,0.5341,294
2004-03-30 08:00,4,23.8,244,130,1584,1399,642,1947,1675,13.3,35.6,0.5416,664
2004-03-30 09:00,4.2,21.5,283,150,1556,1337,674,1852,1689,16.3,28.8,0.5305,695
2004-03-30 10:00,4.7,21.0,320,159,1565,1324,695,1872,1688,17.9,28.2,0.5741,735
2004-03-30 11:00,3.9,18.4,249,146,1429,1251,734,1754,1548,18.3,26.6,0.5529,649
2004-03-30 12:00,3.7,18.9,219,138,1419,1267,742,1763,1490,20.8,22.5,0.5463,586
2004-03-30 13:00,3.4,17.1,200,128,1373,1213,791,1711,1354,22.4,20.0,0.5352,546
2004-03-30 14:00,2.2,10.4,138,97,1185,992,942,1448,1014,20.9,21.7,0.5295,245
2004-03-30 15:00,1.9,8.0,118,91,1122,897,991,1372,831,19.1,26.5,0.5790,178
2004-03-30 16:00,1.6,6.2,99,81,1085,820,1060,1325,699,18.1,30.6,0.6295,130
2004-03-30 17:00,2.1,9.7,112,99,1249,968,874,1527,926,17.3,34.7,0.6788,151
2004-03-30 18:00,2.2,9.6,117,101,1236,962,853,1532,928,15.8,40.4,0.7228,272
2004-03-30 19:00,2.7,11.9,129,106,1334,1047,815,1638,1038,15.9,42.0,0.7541,301
2004-03-30 20:00,2.4,8.7,132,102,1264,928,884,1534,1035,15.9,43.5,0.7790,237
2004-03-30 21:00,1.3,4.7,73,84,1073,746,1072,1360,789,15.0,46.1,0.7833,95
2004-03-30 22:00,1.2,3.8,68,81,1053,701,1147,1323,692,15.1,44.6,0.7574,68
2004-03-30 23:00,1.5,4.7,80,91,1098,747,1094,1360,764,14.9,43.5,0.7302,101
2004-03-31 00:00,1.3,3.8,68,82,1029,702,1180,1287,639,14.8,41.0,0.6850,81
2004-03-31 01:00,1,2.7,44,64,973,631,1287,1240,541,14.8,40.8,0.6814,50
2004-03-31 02:00,0.9,2.8,47,70,972,639,1222,1256,678,14.8,40.8,0.6834,66
2004-03-31 03:00,0.5,1.0,,,832,496,1613,1066,381,14.2,36.1,0.5823,22
2004-03-31 04:00,0.5,0.8,15,26,851,477,1699,1064,343,14.5,36.1,0.5928,18
2004-03-31 05:00,0.6,1.5,44,58,909,545,1473,1131,436,14.6,36.0,0.5947,31
2004-03-31 06:00,1,3.5,85,93,1038,684,1220,1279,688,14.4,38.5,0.6291,57
2004-03-31 07:00,3.1,15.6,207,110,1636,1168,721,1926,1438,13.8,58.2,0.9129,342
2004-03-31 08:00,4.1,19.9,230,115,1580,1295,639,1957,1489,13.2,61.1,0.9256,644
2004-03-31 09:00,2.2,8.6,181,125,1262,924,872,1576,1093,10.4,74.4,0.9384,216
2004-03-31 10:00,1.7,6.5,144,118,1197,837,957,1498,965,11.5,71.0,0.9582,117
2004-03-31 11:00,1.9,7.7,140,109,1277,886,902,1579,1004,12.2,70.0,0.9924,156
2004-03-31 12:00,2.9,11.3,204,123,1430,1025,779,1772,1166,12.3,73.3,1.0442,332
2004-03-31 13:00,2.2,9.1,149,114,1242,944,846,1638,991,11.3,78.1,1.0411,232
2004-03-31 14:00,2.6,11.2,171,114,1349,1023,804,1748,1054,13.6,69.2,1.0746,295
2004-03-31 15:00,3.1,13.5,195,119,1390,1100,755,1799,1192,14.9,59.3,0.9974,386
2004-03-31 16:00,2.3,10.1,152,111,1224,980,850,1637,1055,15.7,50.9,0.8997,278
2004-03-31 17:00,2.4,11.3,128,103,1253,1026,810,1681,1048,15.2,52.9,0.9087,263
2004-03-31 18:00,2.8,11.8,121,103,1312,1041,821,1712,1073,15.5,50.8,0.8881,322
2004-03-31 19:00,2.7,11.5,142,107,1254,1033,819,1669,1068,14.3,52.9,0.8581,226
2004-03-31 20:00,2.3,9.3,131,105,1198,953,882,1588,1019,13.2,56.0,0.8446,221
2004-03-31 21:00,1.5,5.5,81,91,1060,787,1044,1418,833,12.6,57.0,0.8315,109
2004-03-31 22:00,1.4,5.1,60,79,1050,769,1078,1409,759,12.3,57.8,0.8224,105
2004-03-31 23:00,1.2,4.8,57,79,1029,754,1098,1395,749,12.0,58.4,0.8164,84
2004-04-01 00:00,1.6,6.3,96,86,1143,825,986,1477,978,12.0,61.6,0.8593,106
2004-04-01 01:00,1.2,5.1,85,70,1044,770,1031,1425,944,11.5,63.9,0.8652,100
2004-04-01 02:00,1.1,4.1,50,55,1034,716,1085,1405,891,10.7,67.2,0.8630,71
2004-04-01 03:00,0.9,4.0,,,956,713,1099,1422,849,9.0,73.1,0.8394,72
2004-04-01 04:00,0.7,2.4,57,49,909,615,1237,1322,790,10.2,66.6,0.8299,44
2004-04-01 05:00,0.9,2.9,64,50,996,648,1176,1340,852,11.0,63.7,0.8325,45
2004-04-01 06:00,1.7,7.4,153,67,1154,876,1002,1561,987,9.6,68.8,0.8243,134
2004-04-01 07:00,4.2,19.8,342,94,1510,1291,675,1949,1435,9.5,69.6,0.8273,505
2004-04-01 08:00,6.2,31.9,378,119,1722,1595,539,2439,1798,11.9,60.9,0.8455,1042
2004-04-01 09:00,4.6,21.0,304,139,1512,1323,631,2001,1677,16.2,48.6,0.8892,737
2004-04-01 10:00,2.8,11.7,192,113,1258,1040,800,1701,1282,19.2,39.6,0.8693,375
2004-04-01 11:00,1.6,6.8,130,88,1094,850,970,1489,871,19.7,38.4,0.8743,124
2004-04-01 12:00,1.7,7.4,106,73,1129,875,974,1524,759,20.6,36.7,0.8797,137
2004-04-01 13:00,1.7,8.6,102,73,1125,924,937,1542,790,21.8,33.9,0.8771,179
2004-04-01 14:00,1.7,,99,72,,,,,,,,,222
2004-04-01 15:00,1.9,,108,81,,,,,,,,,197
2004-04-01 16:00,2.3,,131,93,,,,,,,,,319
2004-04-01 17:00,3.3,16.4,163,106,1308,1193,793,1193,1187,23.6,27.5,0.7913,388
2004-04-01 18:00,4.2,21.2,211,132,1529,1331,700,2028,1399,22.8,32.1,0.8814,589
2004-04-01 19:00,5.5,25.0,267,164,1592,1429,624,2089,1644,20.8,36.7,0.8878,840
2004-04-01 20:00,4.9,20.2,269,161,1536,1302,666,1922,1599,18.3,40.9,0.8493,655
2004-04-01 21:00,2.5,10.8,154,124,1192,1007,827,1604,1223,16.8,44.0,0.8341,254
2004-04-01 22:00,2,9.9,127,113,1186,976,844,1570,1200,15.8,48.0,0.8569,188
2004-04-01 23:00,2,8.5,122,103,1203,920,898,1529,1118,14.9,52.0,0.8757,120
2004-04-02 00:00,2,8.0,126,104,1139,899,921,1514,1067,14.1,54.4,0.8701,157
2004-04-02 01:00,1.3,5.6,84,93,1072,795,986,1442,1048,13.3,58.8,0.8922,88
2004-04-02 02:00,1,3.2,58,60,954,667,1180,1350,718,13.3,60.9,0.9229,68
2004-04-02 03:00,0.9,3.3,,,951,673,1137,1381,797,11.8,64.3,0.8869,57
2004-04-02 04:00,,2.8,37,52,926,638,1195,1342,749,11.2,65.9,0.8775,36
2004-04-02 05:00,0.7,2.6,56,66,968,628,1197,1372,737,11.3,72.9,0.9738,51
2004-04-02 06:00,1.1,4.3,91,82,1067,727,1055,1448,903,11.4,71.8,0.9671,93
2004-04-02 07:00,2.6,13.0,159,109,1386,1083,798,1833,1159,11.9,73.7,1.0254,284
2004-04-02 08:00,3.9,20.3,190,114,1474,1306,634,2060,1365,12.6,70.2,1.0221,486
2004-04-02 09:00,5,20.7,249,139,1569,1316,634,2054,1510,13.6,65.3,1.0136,798
2004-04-02 10:00,3.3,15.9,196,127,1375,1177,706,1898,1386,16.9,52.3,1.0013,524
2004-04-02 11:00,2.9,14.2,180,127,1328,1123,738,1821,1368,19.4,44.1,0.9855,468
2004-04-02 12:00,3.1,15.9,167,135,1341,1176,748,1825,1347,22.9,33.8,0.9322,454
2004-04-02 13:00,3,16.1,159,130,1297,1183,765,1773,1242,23.6,31.3,0.9001,461
2004-04-02 14:00,2.7,14.7,152,126,1303,1139,790,1761,1138,24.7,30.5,0.9371,391
2004-04-02 15:00,2.7,14.0,149,121,1281,1116,809,1703,1080,26.1,27.3,0.9101,337
2004-04-02 16:00,2.6,13.6,143,122,1248,1103,872,1632,1002,27.6,22.8,0.8288,297
2004-04-02 17:00,3.7,19.7,185,138,1382,1288,778,1799,1212,26.9,22.3,0.7792,588
2004-04-02 18:00,4.5,23.3,223,165,1491,1385,685,1915,1486,24.3,30.1,0.9012,721
2004-04-02 19:00,4.7,24.1,215,154,1620,1407,641,2052,1567,21.2,40.1,0.9978,710
2004-04-02 20:00,5.5,25.4,271,168,1693,1439,618,2083,1723,19.4,42.5,0.9483,787
2004-04-02 21:00,3,14.1,180,146,1374,1121,771,1685,1399,18.5,43.0,0.9074,415
2004-04-02 22:00,1.9,10.1,115,124,1287,982,841,1582,1291,17.8,47.0,0.9467,245
2004-04-02 23:00,2.3,12.1,149,124,1408,1052,761,1684,1443,16.8,53.2,1.0100,294
2004-04-03 00:00,1.6,9.0,98,106,1254,941,828,1566,1270,17.1,51.8,0.9990,139
2004-04-03 01:00,1.3,6.3,73,88,1141,827,936,1488,1110,16.2,54.2,0.9933,98
2004-04-03 02:00,1.2,5.3,69,83,1141,777,986,1455,1060,15.1,58.2,0.9886,88
2004-04-03 03:00,0.9,3.8,,,1042,697,1056,1410,965,15.1,57.6,0.9796,66
2004-04-03 04:00,0.8,3.0,60,74,986,651,1145,1380,891,14.5,58.0,0.9488,57
2004-04-03 05:00,0.8,3.3,56,64,1005,673,1103,1387,905,13.7,61.6,0.9631,57
2004-04-03 06:00,0.9,3.5,73,69,1041,683,1112,1398,899,13.9,59.6,0.9408,60
2004-04-03 07:00,2,9.5,159,91,1272,959,846,1660,1136,13.3,61.7,0.9399,200
2004-04-03 08:00,3,15.2,203,96,1436,1154,704,1872,1391,15.1,55.8,0.9486,451
2004-04-03 09:00,3.1,14.3,211,106,1472,1126,720,1816,1460,17.0,50.5,0.9684,422
2004-04-03 10:00,,11.2,,,1418,1023,785,1720,1410,19.7,43.3,0.9837,
2004-04-03 11:00,,11.4,,,1410,1030,781,1743,1372,20.7,41.7,1.0092,
2004-04-03 12:00,,13.4,,,1438,1096,781,1779,1266,23.3,35.8,1.0098,
2004-04-03 13:00,,10.6,,,1278,1000,866,1621,1014,23.8,30.5,0.8897,
2004-04-03 14:00,,10.8,,,1257,1006,915,1573,870,24.8,27.0,0.8325,
2004-04-03 15:00,,11.9,,,1331,1046,882,1635,905,25.0,27.5,0.8575,
2004-04-03 16:00,,13.5,,,1361,1102,834,1704,991,25.8,26.5,0.8675,
2004-04-03 17:00,,15.2,,,1398,1156,812,1722,1076,25.1,27.1,0.8496,
2004-04-03 18:00,,17.1,,,1483,1213,764,1798,1249,23.7,28.6,0.8273,
2004-04-03 19:00,,26.7,,,1697,1471,625,2153,1548,22.1,36.8,0.9681,
2004-04-03 20:00,,14.2,,,1459,1124,736,1823,1300,19.9,47.5,1.0912,
2004-04-03 21:00,,8.5,,,1268,918,873,1602,1029,18.7,50.4,1.0772,
2004-04-03 22:00,,14.3,,,1469,1128,762,1870,1207,18.1,51.3,1.0587,
2004-04-03 23:00,,9.3,,,1316,952,847,1644,1047,17.5,53.8,1.0648,
2004-04-04 00:00,,7.8,,,1224,892,884,1580,923,16.7,56.5,1.0634,
2004-04-04 01:00,,6.7,,,1215,843,929,1551,862,15.9,59.2,1.0635,
2004-04-04 02:00,,5.4,,,1115,782,980,1500,752,15.2,62.4,1.0726,
2004-04-04 03:00,,5.6,,,1124,793,965,1521,791,14.7,65.0,1.0766,
2004-04-04 04:00,,3.5,,,1028,682,1090,1448,697,14.3,65.3,1.0594,
2004-04-04 05:00,,3.0,,,1010,650,1171,1434,664,13.7,66.5,1.0393,
2004-04-04 06:00,,4.4,,,1074,731,1020,1488,891,12.9,69.1,1.0264,
2004-04-04 07:00,,3.5,,,1034,684,1110,1423,813,13.7,64.8,1.0135,
2004-04-04 08:00,,4.2,,,1130,720,1063,1461,828,15.3,59.0,1.0181,
2004-04-04 09:00,,8.0,,,1275,900,868,1634,1057,18.1,49.8,1.0272,
2004-04-04 10:00,,9.0,,,1324,939,846,1658,1011,21.5,40.7,1.0301,
2004-04-04 11:00,,8.1,,,1268,902,906,1589,932,23.3,37.1,1.0457,
2004-04-04 12:00,,8.6,,,1272,924,895,1603,881,25.1,33.8,1.0594,
2004-04-04 13:00,,7.1,,,1160,860,969,1531,646,25.6,32.1,1.0393,
2004-04-04 14:00,,5.6,,,1136,792,1057,1476,536,25.8,31.1,1.0143,
2004-04-04 15:00,,10.0,,,1296,977,863,1642,746,26.1,30.8,1.0253,
2004-04-04 16:00,,10.5,,,1345,996,841,1678,833,24.4,36.0,1.0850,
2004-04-04 17:00,,10.1,,,1296,983,845,1626,802,23.0,36.2,1.0053,
2004-04-04 18:00,,10.0,,,1258,977,838,1636,838,22.1,39.3,1.0336,
2004-04-04 19:00,,13.0,,,1420,1085,755,1756,1051,19.8,44.6,1.0208,
2004-04-04 20:00,,10.5,,,1366,997,830,1673,1041,18.5,48.9,1.0323,
2004-04-04 21:00,,5.2,,,1113,772,989,1493,646,16.6,56.1,1.0481,
2004-04-04 22:00,,6.9,,,1196,853,909,1556,769,15.8,58.8,1.0464,
2004-04-04 23:00,,6.4,,,1188,829,930,1540,785,15.3,60.8,1.0501,
2004-04-05 00:00,,4.7,,,1102,750,1007,1470,613,14.7,64.4,1.0717,
2004-04-05 01:00,,2.4,,,969,611,1239,1330,430,14.8,63.3,1.0584,
2004-04-05 02:00,,2.2,,,983,600,1233,1375,485,15.0,61.5,1.0418,
2004-04-05 03:00,,1.1,,,876,505,1456,1294,467,15.5,56.9,0.9961,
2004-04-05 04:00,,0.9,,,884,489,1536,1278,436,16.0,54.0,0.9742,
2004-04-05 05:00,,3.1,,,1024,658,1175,1417,682,13.5,63.9,0.9809,
2004-04-05 06:00,,6.2,,,1126,822,945,1541,927,12.9,65.3,0.9688,
2004-04-05 07:00,,13.2,,,1415,1089,767,1795,1192,13.4,62.5,0.9582,
2004-04-05 08:00,,25.8,,,1631,1449,570,2299,1615,14.5,58.8,0.9630,
2004-04-05 09:00,,18.2,,,1499,1247,647,1972,1505,15.3,56.7,0.9773,
2004-04-05 10:00,3.1,14.3,236,124,1461,1127,703,1836,1451,15.6,57.4,1.0075,424
2004-04-05 11:00,3,13.7,228,121,1430,1107,713,1853,1409,16.6,55.2,1.0382,339
2004-04-05 12:00,3.2,15.7,206,114,1498,1171,684,1942,1434,17.0,54.3,1.0434,445
2004-04-05 13:00,3.1,15.4,188,114,1454,1162,682,1915,1457,18.0,51.5,1.0552,535
2004-04-05 14:00,2.5,12.6,158,106,1402,1069,733,1793,1325,19.5,47.5,1.0653,278
2004-04-05 15:00,2.1,9.8,124,89,1327,971,803,1705,1120,21.6,41.7,1.0606,256
2004-04-05 16:00,2,9.6,98,82,1273,963,832,1662,931,22.2,38.3,1.0106,245
2004-04-05 17:00,3.2,16.3,160,111,1457,1190,678,1877,1212,20.3,42.8,1.0053,458
2004-04-05 18:00,4.1,19.8,194,132,1543,1290,631,2011,1353,19.7,45.4,1.0312,710
2004-04-05 19:00,3.9,18.0,174,121,1499,1239,651,1957,1359,18.8,47.5,1.0199,678
2004-04-05 20:00,3.1,13.6,157,116,1378,1102,742,1796,1273,17.9,49.4,1.0064,436
2004-04-05 21:00,2,8.7,109,100,1243,928,852,1622,1079,17.5,50.9,1.0090,178
2004-04-05 22:00,1.7,7.7,85,89,1196,885,884,1589,973,17.4,51.8,1.0230,160
2004-04-05 23:00,1.6,7.3,90,92,1137,869,890,1554,951,17.0,53.9,1.0363,177
2004-04-06 00:00,1,4.1,61,71,1015,718,1065,1428,714,16.6,55.4,1.0408,101
2004-04-06 01:00,0.8,2.7,36,51,978,635,1188,1382,579,15.9,57.0,1.0224,66
2004-04-06 02:00,0.5,1.5,25,39,933,547,1357,1336,542,15.0,59.2,1.0059,40
2004-04-06 03:00,0.5,1.9,,,927,579,1267,1370,562,14.5,61.4,1.0041,54
2004-04-06 04:00,0.5,1.8,24,35,908,569,1303,1360,526,14.1,61.6,0.9883,39
2004-04-06 05:00,0.8,3.4,73,64,980,677,1141,1435,659,14.6,58.8,0.9711,62
2004-04-06 06:00,1.7,8.5,164,94,1236,920,880,1641,1012,14.4,58.9,0.9594,120
2004-04-06 07:00,4.5,24.1,329,134,1664,1407,594,2198,1564,15.3,55.2,0.9538,599
2004-04-06 08:00,6.2,33.7,302,129,1757,1636,494,2560,1806,16.2,52.5,0.9576,1084
2004-04-06 09:00,4.4,22.0,256,125,1524,1350,588,2096,1604,18.4,46.3,0.9734,776
2004-04-06 10:00,2.9,14.1,182,107,1329,1119,707,1823,1288,19.6,41.8,0.9407,470
2004-04-06 11:00,1.6,7.6,105,78,1167,884,881,1580,931,20.2,40.1,0.9370,169
2004-04-06 12:00,2.6,14.5,136,91,1369,1132,715,1818,1162,20.9,36.6,0.8939,304
2004-04-06 13:00,2.9,13.6,167,116,1284,1103,755,1704,1064,20.4,34.7,0.8229,405
2004-04-06 14:00,2.5,11.5,166,131,1221,1032,811,1630,913,19.3,35.4,0.7813,297
2004-04-06 15:00,1.9,9.2,115,113,1096,947,872,1519,684,18.6,36.9,0.7829,220
2004-04-06 16:00,1.9,10.3,109,98,1143,988,849,1590,710,18.8,36.8,0.7883,226
2004-04-06 17:00,2.7,14.0,143,116,1251,1116,760,1716,923,17.5,40.6,0.8068,456
2004-04-06 18:00,3,15.0,159,120,1268,1148,728,1776,1006,16.8,44.3,0.8428,470
2004-04-06 19:00,3.3,15.1,181,126,1314,1150,726,1784,1083,16.3,47.7,0.8746,503
2004-04-06 20:00,3.2,14.8,178,126,1315,1142,724,1807,1161,15.6,50.7,0.8947,459
2004-04-06 21:00,1.8,8.5,91,90,1095,918,896,1527,800,15.7,49.4,0.8768,227
2004-04-06 22:00,1.3,5.9,76,81,1027,808,996,1458,647,15.8,48.6,0.8653,152
2004-04-06 23:00,1.1,4.8,66,74,1012,752,1053,1393,649,15.7,47.0,0.8325,94
2004-04-07 00:00,0.9,4.0,56,67,948,710,1127,1352,575,15.7,45.9,0.8121,93
2004-04-07 01:00,0.7,2.3,35,46,889,603,1308,1271,455,15.6,44.9,0.7920,49
2004-04-07 02:00,0.4,1.4,21,30,830,538,1475,1214,392,15.6,44.4,0.7827,30
2004-04-07 03:00,0.3,0.7,,,801,464,1749,1154,340,16.1,42.4,0.7718,30
2004-04-07 04:00,0.3,0.7,12,19,804,468,1826,1166,320,15.7,45.4,0.8063,30
2004-04-07 05:00,0.3,0.8,22,32,824,478,1705,1200,331,15.3,50.1,0.8617,32
2004-04-07 06:00,0.8,3.6,55,61,1000,688,1257,1398,426,14.2,58.6,0.9443,59
2004-04-07 07:00,2.8,12.9,152,111,1307,1082,777,1769,830,14.3,58.2,0.9431,277
2004-04-07 08:00,3.1,15.7,153,102,1286,1171,716,1821,1006,15.0,52.0,0.8817,454
2004-04-07 09:00,2.3,8.6,152,116,1150,925,865,1576,820,13.6,61.4,0.9519,211
2004-04-07 10:00,1.6,7.4,112,96,1087,876,911,1554,737,16.1,53.1,0.9675,196
2004-04-07 11:00,1.5,6.6,119,97,1016,839,991,1448,790,16.6,44.3,0.8294,110
2004-04-07 12:00,1.6,7.8,122,110,1029,892,937,1474,760,17.4,40.3,0.7922,164
2004-04-07 13:00,1.8,9.1,115,103,1109,943,883,1604,767,18.1,42.2,0.8679,151
2004-04-07 14:00,1.4,6.1,84,79,997,817,1030,1426,626,14.4,51.8,0.8433,112
2004-04-07 15:00,1.9,7.5,146,104,1177,880,927,1552,776,10.9,76.4,0.9953,117
2004-04-07 16:00,1.2,5.9,65,69,1045,808,1038,1421,589,16.4,47.7,0.8819,120
2004-04-07 17:00,2.3,12.7,120,96,1171,1073,847,1623,872,18.0,37.1,0.7598,251
2004-04-07 18:00,3.3,13.5,185,121,1221,1101,799,1700,996,14.7,48.7,0.8089,435
2004-04-07 19:00,3.1,14.5,157,129,1262,1133,774,1748,1033,11.3,71.3,0.9514,345
2004-04-07 20:00,3.3,11.0,174,116,1207,1013,876,1632,982,10.0,74.0,0.9087,343
2004-04-07 21:00,1.2,3.2,62,71,956,666,1235,1282,518,9.8,71.8,0.8702,62
2004-04-07 22:00,1.3,4.3,81,85,1020,727,1153,1391,631,9.3,75.2,0.8796,70
2004-04-07 23:00,1.9,7.1,118,101,1107,861,957,1510,879,9.6,76.0,0.9088,114
2004-04-08 00:00,1.4,4.8,95,97,1020,752,1074,1398,839,9.3,75.0,0.8799,88
2004-04-08 01:00,1.5,5.7,84,89,1051,798,1016,1455,876,9.0,76.7,0.8825,95
2004-04-08 02:00,1.1,4.1,56,72,965,716,1087,1383,827,8.2,79.6,0.8672,83
2004-04-08 03:00,0.8,3.3,,,890,672,1183,1338,781,7.6,80.6,0.8437,63
2004-04-08 04:00,,1.8,43,57,823,568,1366,1263,699,8.3,75.6,0.8302,38
2004-04-08 05:00,0.8,2.8,69,62,869,642,1291,1288,723,8.1,72.1,0.7798,68
2004-04-08 06:00,1.1,4.8,74,64,939,754,1169,1384,797,8.1,70.4,0.7609,59
2004-04-08 07:00,2.6,13.8,161,80,1274,1109,820,1723,1138,8.1,70.5,0.7627,226
2004-04-08 08:00,5.1,27.1,308,118,1512,1482,596,2189,1605,9.9,64.3,0.7859,802
2004-04-08 09:00,4.2,19.1,300,130,1435,1271,676,1885,1569,13.0,54.2,0.8090,585
2004-04-08 10:00,2.6,11.7,189,113,1207,1041,813,1620,1319,16.5,42.6,0.7912,324
2004-04-08 11:00,2.4,12.7,164,112,1223,1075,818,1678,1198,19.3,34.2,0.7566,308
2004-04-08 12:00,2.1,11.3,122,96,1121,1026,865,1541,958,21.5,27.4,0.6941,238
2004-04-08 13:00,2.6,14.2,166,125,1176,1123,816,1609,1068,20.4,26.7,0.6323,301
2004-04-08 14:00,2.8,13.9,181,128,1144,1114,845,1551,1010,20.6,22.6,0.5432,294
2004-04-08 15:00,2.5,13.2,127,101,1136,1089,856,1552,928,20.6,24.8,0.5931,353
2004-04-08 16:00,1.9,10.7,106,95,1085,1004,888,1454,816,21.0,25.4,0.6264,209
2004-04-08 17:00,3.6,19.7,192,138,1297,1287,723,1798,1216,21.5,24.5,0.6203,538
2004-04-08 18:00,4.6,24.0,241,154,1408,1404,646,1972,1463,19.3,28.6,0.6357,808
2004-04-08 19:00,6.3,29.1,326,171,1618,1530,579,2167,1791,18.0,32.9,0.6737,974
2004-04-08 20:00,4.3,15.8,232,136,1319,1172,746,1699,1425,15.8,39.8,0.7096,544
2004-04-08 21:00,1.6,7.0,92,93,1045,857,968,1410,922,15.3,41.5,0.7194,138
2004-04-08 22:00,1.4,6.3,95,99,1058,824,993,1411,971,14.1,46.0,0.7363,92
2004-04-08 23:00,2,,129,106,,,,,,,,,137
2004-04-09 00:00,2.4,,154,109,,,,,,,,,189
2004-04-09 01:00,1.8,,118,97,,,,,,,,,159
2004-04-09 02:00,1,,69,83,,,,,,,,,80
2004-04-09 03:00,1,,,,,,,,,,,,66
2004-04-09 04:00,1,,97,79,,,,,,,,,87
2004-04-09 05:00,0.9,,145,84,,,,,,,,,79
2004-04-09 06:00,1.5,,169,86,,,,,,,,,150
2004-04-09 07:00,2.6,,250,111,,,,,,,,,196
2004-04-09 08:00,2.9,,215,117,,,,,,,,,299
2004-04-09 09:00,2.7,,237,122,,,,,,,,,254
2004-04-09 10:00,2.4,,190,119,,,,,,,,,226
2004-04-09 11:00,2.6,,219,121,,,,,,,,,262
2004-04-09 12:00,4.1,,294,127,,,,,,,,,505
2004-04-09 13:00,4.3,,253,135,,,,,,,,,512
2004-04-09 14:00,2.2,,176,119,,,,,,,,,159
2004-04-09 15:00,3.4,,243,137,,,,,,,,,337
2004-04-09 16:00,3.6,,214,139,,,,,,,,,357
2004-04-09 17:00,2.5,,141,117,,,,,,,,,194
